{
    "ABIS":1,
    "simId":114,
    "sdate":"20210204",
    "start_bag": 4004000000,
    "number_bag": 1439,
    "handler":"AL",
    "sorter":"B",
    "depArr":"D",
    "Flights": [
      
        {
            "Fli": "TU ",
            "Num": " 101",
            "Suff": "",
            "timeS": "Early"
        },
        {
            "Fli": "TU ",
            "Num": "1001",
            "Suff": "",
            "timeS": "Early"
        },
        {
            "Fli": "TU ",
            "Num": " 201",
            "Suff": "",
            "timeS": "Ontime"
        },
        {
            "Fli": "TU ",
            "Num": "5001",
            "Suff": "",
            "timeS": "Ontime"
        },
        {
            "Fli": "TU ",
            "Num": "8001",
            "Suff": "A",
            "timeS": "Ontime"
        },
        {
            "Fli": "TU ",
            "Num": "7001",
            "Suff": "",
            "timeS": "Ontime"
        },
        {
            "Fli": "FR ",
            "Num": "1001",
            "Suff": "",
            "timeS": "Late"
        },
        {
            "Fli": "FR ",
            "Num": " 101",
            "Suff": "",
            "timeS": "Late"
        }
    ]
    
}
